{"cameraMode":{"drawMode":0,"name":"Shaded","section":"Shading Mode"},"sceneLighting":false,"audioPlay":false,"sceneViewState":{"m_AlwaysRefresh":false,"showFog":true,"showSkybox":false,"showFlares":true,"showImageEffects":true,"showParticleSystems":true,"showVisualEffectGraphs":true,"m_FxEnabled":true},"in2DMode":false,"pivot":{"x":0.09633298963308335,"y":1.099051594734192,"z":0.603035032749176},"rotation":{"x":-0.060727063566446307,"y":0.8704826831817627,"z":-0.47530561685562136,"w":-0.11073680222034455},"size":0.36600738763809206,"orthographic":false}