{"cameraMode":{"drawMode":0,"name":"Shaded","section":"Shading Mode"},"sceneLighting":true,"audioPlay":false,"sceneViewState":{"m_AlwaysRefresh":false,"showFog":true,"showSkybox":true,"showFlares":true,"showImageEffects":true,"showParticleSystems":true,"showVisualEffectGraphs":true,"m_FxEnabled":true},"in2DMode":false,"pivot":{"x":5.294388771057129,"y":-34.743614196777347,"z":-136.4315185546875},"rotation":{"x":0.002085689688101411,"y":0.9906931519508362,"z":-0.13456036150455476,"w":0.014243039302527905},"size":70.71067810058594,"orthographic":false}